{
  "perl": "6.*",
  "resources": [
  ],
  "raku": null,
  "auth": "Write me!",
  "test-depends": [
  ],
  "support": {
    "source": "Write me!"
  },
  "build-depends": [
  ],
  "description": "Write me!",
  "meta-version": "0",
  "version": "0.0.1",
  "provides": {
    "Routes.pm6": "lib/Routes.pm6"
  },
  "depends": [
    "Cro::HTTP",
    "JsonC",
    "Cro::WebApp",
    "Cro::WebApp::Templates::Bootstrap",
    "DateTime::Format",
    "DBIish",
    "Inline::Perl5"
  ],
  "license": "Write me!",
  "tags": [
    ""
  ],
  "authors": [
    ""
  ],
  "name": "bizzellCountColerctor",
  "source-url": "Write me!"
}
